"","Nombre","Peso del producto","Volumen","Potencia","Opiniones","Precio","alto","ancho","profundidad"
"1","







AmazonBasics – Potente aspirador de cilindro sin bolsa, para suelos duros y alfombras, filtro HEPA, compacto y ligero, 700 W, 1,5 l (UE)






",4.5,1.5,700,8.021,56.99,"36.3 "," 29.4 "," 24.7 "
"2","







Cecotec Conga EcoExtreme 3000 - Aspirador Trineo Ultra Silencioso, Máxima Potencia, Mínimo Consumo, Capacidad de 3,5 l, Filtro HEPA, Ligero y Manejable






",4.5,2.6625,700,1.071,84.9,"41 "," 27 "," 31 "
"3","







Rowenta RO3753 Compact Power Cyclonic - Aspirador sin Bolsa, Sistema Ciclónico sin Bolsa, Depósito 1.5 L, Cepillo Parquet y Boquilla 2 en 1 para Ranuras, 79 dB, Fácil de Limpiar






",6,1.5,750,6.225,77.52,"40.9 "," 27.6 "," 29 "
"4","







Cecotec Conga EcoExtreme 3000 - Aspirador Trineo Ultra Silencioso, Máxima Potencia, Mínimo Consumo, Capacidad de 3,5 l, Filtro HEPA, Ligero y Manejable






",4.5,2.6625,700,1.071,84.9,"41 "," 27 "," 31 "
"5","







INSE Aspiradora de Mano 2 en 1, Aspirador Vertical con Cable Poderosa Succión 16KPa, Aspiradoras Hogar Escoba Filtro HEPA, Capacidad 800ML, Aspirador Ligera Pelo Mascota 






",1.7,0.8,400,244,54.99,"103.5 "," 24 "," 13.4 "
"6","







INSE Aspirador con Cable, 3 En 1 Vertical y de Mano, Hogar Escopa Aspiradora, Poderosa Succión 18Kpa, 600W, 1L, Hepa Filtro Lavable, 3 Cepillos Ajustable [Clase de Eficiencia Energética A+]






",2.94,1,600,132,119.790737704918,"31 "," 10.8 "," 21 "
"7","







Bosch BGC05AAA2 GS05 Cleannn - Aspirador sin bolsa, 700 W, 1.5 litros, color Rojo y negro






",4.4,1.5,700,522,89,"31.4 "," 26.8 "," 38.1 "
"8","







Holife Aspiradora Escoba de 12Kpa, Aspirador Vertical 2 en 1, 800ml, con 2 Filtros HEPA Lavables y 3 Cepillos, Vertical y Portátil Ajustable [Clase de eficiencia energética A+] (Negro)






",2.17,0.8,100,358,50.99,"67.5 "," 28 "," 17.5 "
"9","







AmazonBasics – Potente aspirador de cilindro sin bolsa, para suelos duros y alfombras, filtro HEPA, compacto y ligero, 700 W, 1,5 l (UE)






",4.5,1.5,700,8.021,56.99,"36.3 "," 29.4 "," 24.7 "
"10","







Kärcher Aspirador en seco y húmedo WD 3 17L, 1.000W (1.629-821.0), Corriente sin control de encendido, Plástico, Model Nuevo






",7.58,17,1000,1.488,69.99,"388 "," 340 "," 503 "
"11","







AmazonBasics - Aspiradora vertical con motor de alta eficiencia [AB500], sin bolsa, de 3,0 litros y 700 vatios






",7.3,3,700,199,89.99,"31.2 "," 30.6 "," 113.2 "
"12","







Ufesa AE4625 AE4625-Aspirador Escoba sin Cables, con Mango de Triple Posición, Cepillo Especial Mascotas, Sistema Ciclónico, Múltiples Accesorios, 25.9 W, Plástico, Negro/azul






",6,0.6,25.9,11,129,"69 "," 28.5 "," 19 "
"13","







Aspiradora Escoba, MEIYOU Aspirador Mano con Cable Succión 18000 PA, Aspiradora con Cable 600W, Aspiradora Escoba Hogar con Lavable Filtro HEPA, Cable de 6M






",1.96,2.6625,600,429,119.790737704918,"-1","",""
"14","







Holife Aspiradora de mano, Aspirador de Mano Sin Cable Potente, Aspiradora portátil Recargable y Tecnología Ciclónica,Base de Carga en pared,Aspirador en Seco y Hmedo para Oficina Hogar y Coche






",1.36,0.5,515.345132743363,95,36.98,"43 "," 14.5 "," 13 "
"15","







Polti Forzaspira C110_Plus Aspirador cicónico sin bolsa, 2 litros capacidad depósito de recogida, 800 W, 80 Decibelios, Rojo






",5.2,2,800,1.505,69.99,"28 "," 32 "," 38 "
"16","







mfavour Aspiradoras de Trineo, aspiradora sin Bolsa 18Kpa 800W 2L, Filtro de Alto Rendimiento de 5 etapas, Boquilla combinada 2 en 1 en la Manguera, Radio de operación de 8 m






",5,2,800,3,49.99,"-1","",""
"17","







Aspiradoras Hogar Escoba, Hikeren Aspiradora de Mano Sin Cable 12000 pa, Aspiradoras Vertical con Batería de 2500mAh, 2 Velocidades, Luces LED, Filtros Lavables, 2 Cepillos






",3,0.6,120,555,89.98,"-1","",""
"18","







VACPOWER Aspiradora de Mano,6500pA Aspirador de Mano Sin Cable con BateríA Recargable de 2500mAh y Filtro Hepa Mejorado para el Hogar y el AutomóVil






",4.6357264957265,2.6625,65,97,119.790737704918,"-1","",""
"19","







SAMBA Aspirador Vertical y de Mano Sin Cable Aspira Pro Unlimited Cleaning - Aspirador Escoba con Cepillo Motorizado Flexible 180º, Luz LED, 2 Niveles de Potencia, Boquilla Combinada, Soporte de pared






",1.8,0.8,150,1.1,59.9,"-1","",""
"20","







Maxell Power CE ASPIRADORA Aspirador CICLÓNICO SIN Bolsa Filtro HEPA Boquilla Animales Incluido MP-1000






",5.5,3,1000,17,64.95,"-1","",""
"21","







AmazonBasics – Potente aspirador con bolsa, para suelos duros y alfombras, filtro HEPA, compacto y ligero, 700 W, 1,5 l (UE)






",3.49,3,700,8.021,54.99,"35.3 "," 21.6 "," 26.4 "
"22","







Severin BC 7055, Aspiradora de suelo con bolsa, incluye cabezal para parquet y set de 3 accesorios, S´POWER snowwhite XL, gris y rojo






",4.9,4,750,192,108.67,"50 "," 30 "," 24.5 "
"23","







Ufesa AE4625 AE4625-Aspirador Escoba sin Cables, con Mango de Triple Posición, Cepillo Especial Mascotas, Sistema Ciclónico, Múltiples Accesorios, 25.9 W, Plástico, Negro/azul






",6,0.6,25.9,11,129,"69 "," 28.5 "," 19 "
"24","







Bastilipo - Bolero 800-MC Aspirador Trineo Multi-Ciclónico, con Motor Extra Powerfull Silence de 800 W, Color Verde Agua






",5.94,2,800,147.380438461538,79.9,"-1","",""
"25","







Holife Aspiradora de Mano, Aspirador de Mano Sin Cable con Potente succión ciclónica, Aspirador de Mano con de Carga rápida, Aspiradora seco portátil/Filtro HEPA, para la Limpieza Hogar y Coche






",1.56,0.4,70,182,34.98,"39.6 "," 15.4 "," 16 "
"26","







proscenic P10 Aspiradora sin Cable Potente con 22000pa, Escoba eléctrica portátil con Pantalla táctil, autonomía Recargable de batería 40 Minutos, 3 Niveles con Varios Accesorios






",2,2.6625,260,568,199,"119.4 "," 25.4 "," 21.8 "
"27","







Rowenta Swift Power Cyclonic Home & Car RO2981 aspiradora sin bolsa, sistema ciclónico, depósito 1.5 L, cepillo parquet, boquilla 2 en 1 para ranuras, accesorio tapicerías y pelo mascotas, 77 dB






",6.6,1.5,515.345132743363,205,89.99,"45 "," 28.4 "," 33.8 "
"28","







Hikeren Aspiradora de Mano, Aspirador de Mano Sin Cable, 7000PA, Aspiradora de Mano Sin Cable Potente, Batería de 2600mAh, Luz LED, Filtro de Acero Inoxidable, 3 Boquillas para Hogar y Coche






",1.28,2.6625,100,483,45.98,"-1","",""
"29","







Maxell Power CE ASPIRADORA Aspirador CICLÓNICO SIN Bolsa Filtro HEPA Boquilla Animales Incluido MP-1000






",5.5,3,1000,17,64.95,"-1","",""
"30","







Hosome Aspiradora Escoba sin Cable 12000Pa 2 en 1 Aspiradora de Mano Inalámbrica Potente Succión Filtración Eficiente 2200mAh Batería Recargable 500 ml Contenedor para Alfombra Piso Duro y Autos






",1.5,0.5,515.345132743363,93,115.99,"23 "," 12 "," 105 "
"31","







Aspirador de Mano Sin Cable Potente de 7000PA, 2 Modos Aspiradora Inalámbrico Recargable Portátil,Batería de 6600mAh ,Filtro Acero Inoxidable para Casa, Coche, Oficina,Seco y Húmedo,600ml Depósito






",1.06,0.6,120,396,42.99,"-1","",""
"32","







Rowenta Air Force Flex Aqua Head RH9290 - Aspiradora escoba sin cable, de mano, vertical, friega y aspira, carga rápida de 3 hs, hasta 30 min de autonomía






",7.6,0.65,515.345132743363,512,249,"-1","",""
"33","







Cecotec Conga EcoExtreme 3000 - Aspirador Trineo Ultra Silencioso, Máxima Potencia, Mínimo Consumo, Capacidad de 3,5 l, Filtro HEPA, Ligero y Manejable






",4.5,2.6625,700,1.071,84.9,"41 "," 27 "," 31 "
"34","







Aspiradora de escoba sin cable [IZ251EU] SharkAnti Hair Wrap, Batería Doble, Morado






",4.6357264957265,2.6625,515.345132743363,71,372.12,"-1","",""
"35","







Aspiradoras Hogar Escoba, Hikeren Aspiradora de Mano Sin Cable 12000 pa, Aspiradoras Vertical con Batería de 2500mAh, 2 Velocidades, Luces LED, Filtros Lavables, 2 Cepillos






",3,0.6,120,555,89.98,"-1","",""
"36","







Bosch BBH32551 Flexxo Serie | 4 Aspirador sin cable y de mano, batería de 25.2 V, color blanco






",4.6357264957265,2.6625,515.345132743363,574,119.790737704918,"-1","",""
"37","







Dustgo Aspiradora Escoba,22000Pa Aspiradora sin Cable Vertical,6 en 1 succión de 3 velocidades, batería de 2500 mAh,35 Minutos de Uso,LED aspiradora de Escoba doméstica






",2.5,2.6625,220,73,119.790737704918,"12 "," 25 "," 70 "
"38","







Hoover Sprint Evo SE51 - Aspiradora sin bolsa, ciclónico, Cepillo especial suelos de parquet, suelos duros y alfombras, Filtro EPA, 700W, Depósito 1,5L, 80dBA, Cable 7,5m, Plástico, Rojo, clase A






",4.1,1.5,700,637,88.59,"26.5 "," 27.5 "," 38.5 "
"39","







proscenic Novedad de 2020 P8 MAX Aspiradora sin Cable Potente 20kPa,Motor sin escobillas, de Mano 2 en 1 con Varios Accesorios,batería Ion-Litio extraíble y Recargable 35 mins autonomía






",4.6357264957265,2.6625,515.345132743363,703,149,"-1","",""
"40","







Polti Forzaspira C110_Plus Aspirador cicónico sin bolsa, 2 litros capacidad depósito de recogida, 800 W, 80 Decibelios, Rojo






",5.2,2,800,1.505,69.99,"28 "," 32 "," 38 "
"41","







Hoover H FREE 100 HF122RH Aspiradora Escoba sin Cable, Sistema Ciclónico, Cepillo Suelos Duros, Accesorios Integrados, Luces LED, Depósito 0.9L, Batería Extraíble Litio 22 V, 40 min, 2 Velocidades






",4.6357264957265,2.6625,515.345132743363,216,139.56,"-1","",""
"42","







Einhell TC-VC 1812 S - Aspirador en seco y húmedo, 1250 W, 220-240 V, 50 Hz, 180 mbar, 78 dB (A), 12 l






",3.2,12,1250,2.206,39.95,"29 "," 28.5 "," 42 "
"43","







Severin BC 7055, Aspiradora de suelo con bolsa, incluye cabezal para parquet y set de 3 accesorios, S´POWER snowwhite XL, gris y rojo






",4.9,4,750,192,108.67,"50 "," 30 "," 24.5 "
"44","







Bosch Professional GAS 35 L AFC - Aspirador seco/húmedo (1380 W, capacidad 35 l, clase polvo L, 254 mbar)






",12.2,34,1380,70,119.790737704918,"51.5 "," 45 "," 57.5 "
"45","







Bastilipo - Bolero 800-MC Aspirador Trineo Multi-Ciclónico, con Motor Extra Powerfull Silence de 800 W, Color Verde Agua






",5.94,2,800,147.380438461538,79.9,"-1","",""
"46","







Ufesa AE4522 - Aspirador Escoba, Baterías de Litio de 22.2V, 2 en 1, Con sistema Wet&Dry, Sistema ciclónico, Turbo Cepillo + cepillo pulido, 0,8L de capacidad






",4.48,0.8,515.345132743363,1,99,"-1","",""
"47","







SIMBR Aspiradora de Mano para Coche sin Cable con Potencia de 7000PA Aspiradora Inalámbrica y Recargable de 2500mAh y HEPA Filtro de Acero Inoxidable, 3 Accesorios para hogar y automóbil






",1.46,2.6625,100,33,119.790737704918,"-1","",""
"48","







YUNKE Aspiradora de Mano, Aspiradora portátil Recargable de 5000 pa, Carga rápida USB Aspiradoras en Seco y Húmedo, Filtro Lavable, Batería de 2200mAh, Accesorios Completos para Oficina Hogar y Coche






",4.6357264957265,2.6625,120,119,119.790737704918,"-1","",""
"49","







Hoover Rhapsody RA22AFG Aspiradora escoba sin cable, 2 rodillos para cepillo principal, Luces LED, Set completo accesorios, Batería extraíble, H-Spin Core, 0.7 litros, De plástico, Gris






",2.5,0.7,515.345132743363,60,119.790737704918,"23 "," 25 "," 11.6 "
"50","







NWOUIIAY Aspiradora de Coche con Cable Potente 7000PA HEPA Filtro Lavable 120W 12V Portátil Cable Largo con 3 Boquillas






",4.6357264957265,2.6625,120,11,119.790737704918,"-1","",""
"51","







Hikeren Aspiradora de Mano, Aspirador de Mano Sin Cable, 7000PA, Aspiradora de Mano Sin Cable Potente, Batería de 2600mAh, Luz LED, Filtro de Acero Inoxidable, 3 Boquillas para Hogar y Coche






",1.28,2.6625,100,483,45.98,"-1","",""
"52","







Aspiradora de Mano, 6500PA, Aspirador Mano Sin Cable de Tecnología Ciclónica, Aspirador Potente Sin Bolsa con Seco y Húmedo, 600ml Depósito,14.8V, con 2 Filtro Lavable+3 Boquillas (Gris+Negro)






",1.48,0.3,90,7,45.98,"36.9 "," 22.8 "," 9.8 "
"53","







Dcenta Aspiradora Escobe Sin Cable, Aspiradora Ultraligera Vertical y de Mano 2 en 1, Aspiradora 350W, Duración de la Batería es Larga, 2000Pa






",2.6,0.5,350,342,119.790737704918,"130 "," 24 "," 21 "
"54","







Aspirador Mano Alta Succion Aspiradora de Mano Potente Sin Cable Seco y Húmedo 8000PA Aspiradora Coche Bateria Portatil para Hogar Autocaravana Pelos de Mascota






",1.2,2.6625,120,937,119.790737704918,"-1","",""
"55","







Cecotec Conga EcoExtreme 3000 - Aspirador Trineo Ultra Silencioso, Máxima Potencia, Mínimo Consumo, Capacidad de 3,5 l, Filtro HEPA, Ligero y Manejable






",4.5,2.6625,700,1.071,84.9,"41 "," 27 "," 31 "
"56","







Aspiradora de escoba sin cable [IZ251EU] SharkAnti Hair Wrap, Batería Doble, Morado






",4.6357264957265,2.6625,515.345132743363,71,372.12,"-1","",""
"57","







WAKYME Aspiradora de Mano, 9KPA Aspirador Mano Sin Cable Potente, Carga rápida Aspiradoras en Seco y Húmedo, Luz LED, Batería de 2500mAh, Completo para Oficina Hogar y Coche






",1.1,0.3,120,122,119.790737704918,"-1","",""
"58","







deAO Carrito de la Limpieza Incluye Accesorios y Aspiradora con Efectos de Luz y Sonido






",1.42,2.6625,515.345132743363,326,119.790737704918,"50 "," 38 "," 17 "
"59","







AEG LX7-2-EB-P Aspiradora de Trineo Sin Bolsa, Gran Filtración,Depósito de 1.4L, Fácil Vaciado,Radio de acción de 9 m,72dB de Ruido,Cepillo Suelos Duros, Parquet, 750 W,Negro






",7.51,2.6625,750,42,126.99,"45 "," 65.7 "," 35.4 "
"60","







Audew Aspirador de Mano Sin Cable para Hogar y Coche, Aspiradora Inalámbrico Portatil Seco y Húmedo 120W, 2200 mAh, con 3 Cepillos, HEPA Filtro Lavable y Bolsa de Transporte






",4.6357264957265,2.6625,515.345132743363,2.51,29.99,"-1","",""
"61","







Bosch GL-30 BGL3A212A - Aspirador con bolsa, 600 W Color Azul






",3,0.6,600,76,99.99,"26 "," 29.5 "," 37 "
"62","







Hoover Sprint Evo SE51 - Aspiradora sin bolsa, ciclónico, Cepillo especial suelos de parquet, suelos duros y alfombras, Filtro EPA, 700W, Depósito 1,5L, 80dBA, Cable 7,5m, Plástico, Rojo, clase A






",4.1,1.5,700,637,88.59,"26.5 "," 27.5 "," 38.5 "
"63","







Philips PowerPro Compact FC9332/09 - Aspirador con Sistema Ciclonico sin Bolsa, Deposito 1.5 L, Filtro Antialergias, Facil de Limpiar






",4.5,1.5,900,3.901,102.68,"41 "," 28.1 "," 24.7 "
"64","







Aspiradora de Mano CrazyFire Aspirador Mano Sin Cable Potente 2000PA, Aspiradoras en Seco y Húmedo, Batería de 2000mAh, HEPA Filtro, Accesorio Completo para Hogar y Coche






",4.6357264957265,2.6625,515.345132743363,72,31.99,"-1","",""
"65","







Ufesa AE4625 AE4625-Aspirador Escoba sin Cables, con Mango de Triple Posición, Cepillo Especial Mascotas, Sistema Ciclónico, Múltiples Accesorios, 25.9 W, Plástico, Negro/azul






",6,0.6,25.9,11,129,"69 "," 28.5 "," 19 "
"66","







Severin BC 7055, Aspiradora de suelo con bolsa, incluye cabezal para parquet y set de 3 accesorios, S´POWER snowwhite XL, gris y rojo






",4.9,4,750,192,108.67,"50 "," 30 "," 24.5 "
"67","







Severin BC 7055, Aspiradora de suelo con bolsa, incluye cabezal para parquet y set de 3 accesorios, S´POWER snowwhite XL, gris y rojo






",4.9,4,750,192,108.67,"50 "," 30 "," 24.5 "
"68","







Ufesa AS4050 AS4050-Aspirador Multiclónico, 800W, Sin Bolsa, Filtro Hepa 13, Depósito 2L, Accesorios, Cepillo de alta eficiencia 2 en 1: Suelos duros y






",8,2,800,7,99.99,"-1","",""
"69","







Vistefly VX Aspiradora sin Cable, 23kPA Potente, 250W, Batería Extraíble 2200mAh, 3 Niveles de Succión, 1.2L, Aspiradora de Mano sin Bolsa 2 en 1, Filtro HEPA, Cepillos con LED






",2.5,1.2,250,186,179,"68 "," 31.5 "," 12.5 "
"70","







BEST DIRECT Cordless Vac Visto en TV Aspiradora de Mano Sin Cable 2 Modos de Limpieza 30.000 rpm Con Varios Accesorios Para Alfombras, Madera, Azulejos y Baldosas






",2.3,2.6625,140,4,99,"-1","",""
"71","







Holife Aspiradora de Mano, Aspirador de Mano Sin Cable con Potente succión ciclónica, Aspirador de Mano con de Carga rápida, Aspiradora seco portátil/Filtro HEPA, para la Limpieza Hogar y Coche






",1.56,0.4,70,182,34.98,"39.6 "," 15.4 "," 16 "
"72","







Aspiradora de Coche, VOONEEN 7KPa Aspiradora para Automóvil Portátil de Gran Alcance, Aspiradora Inalámbrica Seca y Húmeda Recargable Succión Fuerte para el Hogar / Automóvil






",1.22,2.6625,120,612,119.790737704918,"-1","",""
"73","







LWZko Escritorio Vacío Polvo Limpiador, Mini Aspiradora Mariquita, Bateria Cargada Plástico ABS Portátil Adorable Caricatura Mini Aspiradora para Hogar, Oficina, Computadora de Escritorio, Amarillo






",4.6357264957265,2.6625,515.345132743363,147.380438461538,13.89,"-1","",""
"74","







Dustgo Aspiradora Escoba,22000Pa Aspiradora sin Cable Vertical,6 en 1 succión de 3 velocidades, batería de 2500 mAh,35 Minutos de Uso,LED aspiradora de Escoba doméstica






",2.5,2.6625,220,73,119.790737704918,"12 "," 25 "," 70 "
"75","







YISSVIC Aspiradora de Mano Sin Cable Aspirador Escoba Inalámbrica 10KPa Capacidad 1L Batería Recargable 2200mAh






",4.66,1,120,35,99.99,"-1","",""
"76","







GuDoQi Aspiradora de Mesa, Mini Limpiador de Polvo, Inalámbrico y USB Recargable, Tiempo de Ejecución de 90 Minutos, Giratorio de 360° para el Hogar, la Escuela, la Oficina, el Teclado






",4.6357264957265,2.6625,515.345132743363,10,15.99,"8 "," 8 "," 6.5 "
"77","







Cecotec Conga EcoExtreme 3000 - Aspirador Trineo Ultra Silencioso, Máxima Potencia, Mínimo Consumo, Capacidad de 3,5 l, Filtro HEPA, Ligero y Manejable






",4.5,2.6625,700,1.071,84.9,"41 "," 27 "," 31 "
"78","







Aspiradora de escoba sin cable [IZ251EU] SharkAnti Hair Wrap, Batería Doble, Morado






",4.6357264957265,2.6625,515.345132743363,71,372.12,"-1","",""
"79",NA,4.6357264957265,2.6625,515.345132743363,147.380438461538,119.790737704918,"-1","",""
"80","







Rowenta X-TREM RO6883 - Aspiradora (550 W, Aspiradora cilíndrica, Secar, Bolsa para el polvo, 4,5 L, Filtro higiénico)






",8,4.5,550,316,174.24,"47.7 "," 27.4 "," 24.7 "
"81","







Dreame V10 Aspiradora sin Cable 22000Pa Potencia de Succión Fuerte Aspiradora de Mano Ligera Aspiradora Escobas Eléctricas






",1.5,2.6625,400,4,249.99,"122.6 "," 25.8 "," 21.1 "
"82","







Holife Aspiradora de Mano, aspiradora de 7 Kpa Aspiradora de aspiradora para automóvil Mesa Fuerte Recargable con 2 filtros para el hogar, automóvil, líquido y seco (Blanco)






",2.08,0.6,100,13,55.98,"44.5 "," 18.8 "," 15.5 "
"83","







Hoover H FREE 100 HF122RH Aspiradora Escoba sin Cable, Sistema Ciclónico, Cepillo Suelos Duros, Accesorios Integrados, Luces LED, Depósito 0.9L, Batería Extraíble Litio 22 V, 40 min, 2 Velocidades






",4.6357264957265,2.6625,515.345132743363,216,139.56,"-1","",""
"84","







Rowenta Silence Force RO6491EA - Aspirador con Bolsa, 550 W, 4.5 L, 66 dB, Cepillo para pelo de mascota, para parquet, para tapicerías, Boquilla para Ranuras, 4.5 litros de depósito






",9.19,4.5,550,250,229,"40 "," 37 "," 44 "
"85","







Kärcher WD 4 Aspiradora , 20L, 1000 W, Amarillo






",7.1,20,1000,107,121.5,"38.4 "," 36.5 "," 52.6 "
"86","







Rowenta Air Force Flex Aqua Head RH9290 - Aspiradora escoba sin cable, de mano, vertical, friega y aspira, carga rápida de 3 hs, hasta 30 min de autonomía






",7.6,0.65,515.345132743363,512,249,"-1","",""
"87","







Ufesa AE4625 AE4625-Aspirador Escoba sin Cables, con Mango de Triple Posición, Cepillo Especial Mascotas, Sistema Ciclónico, Múltiples Accesorios, 25.9 W, Plástico, Negro/azul






",6,0.6,25.9,11,129,"69 "," 28.5 "," 19 "
"88","







Bastilipo - Bolero 800-MC Aspirador Trineo Multi-Ciclónico, con Motor Extra Powerfull Silence de 800 W, Color Verde Agua






",5.94,2,800,147.380438461538,79.9,"-1","",""
"89","







Severin BC 7055, Aspiradora de suelo con bolsa, incluye cabezal para parquet y set de 3 accesorios, S´POWER snowwhite XL, gris y rojo






",4.9,4,750,192,108.67,"50 "," 30 "," 24.5 "
"90","







Ufesa AS4050 AS4050-Aspirador Multiclónico, 800W, Sin Bolsa, Filtro Hepa 13, Depósito 2L, Accesorios, Cepillo de alta eficiencia 2 en 1: Suelos duros y






",8,2,800,7,99.99,"-1","",""
"91","







Bosch BBH32551 Flexxo Serie | 4 Aspirador sin cable y de mano, batería de 25.2 V, color blanco






",4.6357264957265,2.6625,515.345132743363,574,119.790737704918,"-1","",""
"92","







SOGO SS-16120 Aspirador Ciclónico Vertical con Potencia de 600W, Eficiencia Energética A+. Aspirador Escoba y de Mano (2 en 1) Aspiradora con contenedor de 0,8L y Filtro HEPA de Limpieza fácil






",4.6357264957265,2.6625,515.345132743363,76,34.22,"-1","",""
"93","







Aspiradoras de Mano con Cable Aspirador Vertical con Cable Succión 15 KPA






",1.5,2.6625,400,773,60.99,"-1","",""
"94","







Aspirador de Mano Sin Cable Potente de 7000PA, 2 Modos Aspiradora Inalámbrico Recargable Portátil,Batería de 6600mAh ,Filtro Acero Inoxidable para Casa, Coche, Oficina,Seco y Húmedo,600ml Depósito






",1.06,0.6,120,396,42.99,"-1","",""
"95","







AEG VX4-1-WR-A Aspiradora con Bolsa, 750 W, 3 kg, 80 Decibelios, Polietileno expandido, Rojo






",3.68,3,750,72,81.99,"41.6 "," 28.7 "," 22.8 "
"96","







JASHEN Aspirador sin Cable, Aspiradora Escoba sin Cable 180W Ultraligera 2 en 1, LED Cabeza, 2 Velocidades, Batería de Larga Duración-Azul






",3.36,2.6625,180,40,99.99,"18 "," 18.5 "," 70 "
"97","







SHARK DuoClean Aspiradora vertical sin bolsa para mascotas Puedes moverte de habitación a habitación, limpiar alfombras y suelos duros sin parar.






",9.72,2.6625,750,147.380438461538,385.79,"-1","",""
"98","







HIMOX Aspirador de Mano Sin Cable Potente de 8000Pa Aspiradora Inalámbrico Recargable Portátil con 2 Filtro 120W/2500mAh Mini Aspirador de Mano Seco y Húmedo para Casa Coche Oficina






",4.6357264957265,2.6625,120,71,39.98,"-1","",""
"99","







Cecotec Conga EcoExtreme 3000 - Aspirador Trineo Ultra Silencioso, Máxima Potencia, Mínimo Consumo, Capacidad de 3,5 l, Filtro HEPA, Ligero y Manejable






",4.5,2.6625,700,1.071,84.9,"41 "," 27 "," 31 "
"100","







Aspiradora de escoba sin cable [IZ251EU] SharkAnti Hair Wrap, Batería Doble, Morado






",4.6357264957265,2.6625,515.345132743363,71,372.12,"-1","",""
"101",NA,4.6357264957265,2.6625,515.345132743363,147.380438461538,119.790737704918,"-1","",""
"102","







MELLERWARE Rider 2.0 - Aspirador Escoba con Cable 3 en 1, Aspirador Vertical con filtro HEPA, Aspirador de Lanza y Aspirador de Mano. 700W, depósito de 0,8L, sin Bolsa y 6 Metros de Cable. Color Gris.






",2.78,0.8,700,104,36.99,"-1","",""
"103","







Dreame V9 Aspirador inalámbrico, 20Kpa Potente y Potente Aspirador, batería de Litio de Motor Digital de 450 vatios, aspiradora de Barril 4 en 1, aspiradora de Mano Ligera Ultra






",4.7,0.5,450,1,119.790737704918,"-1","",""
"104","







Rowenta Silence Force Multi RO8388EA - Aspirador sin bolsa multiciclónico, silencioso, fácil de limpiar, vaciar y almacenar, incluye con accesorios para coche/hogar, diseño compacto, Motor EffiTech






",6.7,2,750,133,231.2,"57 "," 38 "," 35.8 "
"105","







SAMBA Aspirador Vertical y de Mano Duo Stick - Aspirador Escoba con Cable 2 en 1, 800W, Ligero, Sin Bolsa, Filtro HEPA, Capacidad Depósito 0.5 l.






",1.7,0.5,800,229,29.9,"-1","",""
"106","







TACKLIFE Aspirador Húmedo y Seco, 18.9L Aspiradora Hogar 1000W, Función Sopladora, HEPA Filtro, 2 * 0.4m Tubo de Extensión, 3 Boquillas, Tecnología de Boya Segura, PVC01A






",6.5,18.9,1000,96,119.790737704918,"-1","",""
"107","







Temfly Aspiradora de Mano, Aspirador de Mano Sin Cable 8000PA, Aspirador Mano Sin Cable Potente con Filtro HEPA Lavable para Aspiradoras Húmedas y Secas para Hogares y Automóviles






",4.6357264957265,2.6625,515.345132743363,15,37.85,"-1","",""
"108","







Roidmi F8 Storm - Aspiradora sin cable, versión EU en Español, 415 W, 100.000 RPM, batería hasta 55 minútos, depósito 0,4L, color blanco 157x1178x256cm






",2.5,0.4,415,1.076,307.49,"1.178 "," 256 "," 157 "
"109","







Ufesa AE4625 AE4625-Aspirador Escoba sin Cables, con Mango de Triple Posición, Cepillo Especial Mascotas, Sistema Ciclónico, Múltiples Accesorios, 25.9 W, Plástico, Negro/azul






",6,0.6,25.9,11,129,"69 "," 28.5 "," 19 "
"110","







Bastilipo - Bolero 800-MC Aspirador Trineo Multi-Ciclónico, con Motor Extra Powerfull Silence de 800 W, Color Verde Agua






",5.94,2,800,147.380438461538,79.9,"-1","",""
"111","







Severin BC 7055, Aspiradora de suelo con bolsa, incluye cabezal para parquet y set de 3 accesorios, S´POWER snowwhite XL, gris y rojo






",4.9,4,750,192,108.67,"50 "," 30 "," 24.5 "
"112","







DI4 Ultraforce 600 Aspirador ASPIROVAC ULTRAFORCE600 A+, Accesorios






",10,0.6,600,1,63.76,"-1","",""
"113","







Roidmi F8 Storm - Aspiradora sin cable, versión EU en Español, 415 W, 100.000 RPM, batería hasta 55 minútos, depósito 0,4L, color blanco 157x1178x256cm






",2.5,0.4,415,1.076,307.49,"1.178 "," 256 "," 157 "
"114","







Womow W20 Aspiradora sin Cable 25KPa 400W Potente, Aspiradora Hogar Vertical de Mano 2 en 1 Portátil, 2500mAh Batería Recargable, para Pelo de Mascotas Alfombra Suelos duros Escaleras Coches






",4.92,2.6625,400,56,219,"-1","",""
"115","







JASHEN Aspirador sin Cable, Aspiradora Escoba sin Cable 180W Ultraligera 2 en 1, LED Cabeza, 2 Velocidades, Batería de Larga Duración-Azul






",3.36,2.6625,180,40,99.99,"18 "," 18.5 "," 70 "
"116",NA,4.6357264957265,2.6625,515.345132743363,147.380438461538,119.790737704918,"-1","",""
"117",NA,4.6357264957265,2.6625,515.345132743363,147.380438461538,119.790737704918,"-1","",""
"118",NA,4.6357264957265,2.6625,515.345132743363,147.380438461538,119.790737704918,"-1","",""
"119",NA,4.6357264957265,2.6625,515.345132743363,147.380438461538,119.790737704918,"-1","",""
"120",NA,4.6357264957265,2.6625,515.345132743363,147.380438461538,119.790737704918,"-1","",""
"121","







Cecotec Conga EcoExtreme 3000 - Aspirador Trineo Ultra Silencioso, Máxima Potencia, Mínimo Consumo, Capacidad de 3,5 l, Filtro HEPA, Ligero y Manejable






",4.5,2.6625,700,1.071,84.9,"41 "," 27 "," 31 "
"122","







Aspiradora de escoba sin cable [IZ251EU] SharkAnti Hair Wrap, Batería Doble, Morado






",4.6357264957265,2.6625,515.345132743363,71,372.12,"-1","",""
"123",NA,4.6357264957265,2.6625,515.345132743363,147.380438461538,119.790737704918,"-1","",""
"124",NA,4.6357264957265,2.6625,515.345132743363,147.380438461538,119.790737704918,"-1","",""
"125",NA,4.6357264957265,2.6625,515.345132743363,147.380438461538,119.790737704918,"-1","",""
"126",NA,4.6357264957265,2.6625,515.345132743363,147.380438461538,119.790737704918,"-1","",""
"127",NA,4.6357264957265,2.6625,515.345132743363,147.380438461538,119.790737704918,"-1","",""
"128",NA,4.6357264957265,2.6625,515.345132743363,147.380438461538,119.790737704918,"-1","",""
"129",NA,4.6357264957265,2.6625,515.345132743363,147.380438461538,119.790737704918,"-1","",""
"130",NA,4.6357264957265,2.6625,515.345132743363,147.380438461538,119.790737704918,"-1","",""
"131","







Ufesa AE4625 AE4625-Aspirador Escoba sin Cables, con Mango de Triple Posición, Cepillo Especial Mascotas, Sistema Ciclónico, Múltiples Accesorios, 25.9 W, Plástico, Negro/azul






",6,0.6,25.9,11,129,"69 "," 28.5 "," 19 "
"132","







Bastilipo - Bolero 800-MC Aspirador Trineo Multi-Ciclónico, con Motor Extra Powerfull Silence de 800 W, Color Verde Agua






",5.94,2,800,147.380438461538,79.9,"-1","",""
"133","







Severin BC 7055, Aspiradora de suelo con bolsa, incluye cabezal para parquet y set de 3 accesorios, S´POWER snowwhite XL, gris y rojo






",4.9,4,750,192,108.67,"50 "," 30 "," 24.5 "
"134","







DI4 Ultraforce 600 Aspirador ASPIROVAC ULTRAFORCE600 A+, Accesorios






",10,0.6,600,1,63.76,"-1","",""
"135",NA,4.6357264957265,2.6625,515.345132743363,147.380438461538,119.790737704918,"-1","",""
"136",NA,4.6357264957265,2.6625,515.345132743363,147.380438461538,119.790737704918,"-1","",""
"137",NA,4.6357264957265,2.6625,515.345132743363,147.380438461538,119.790737704918,"-1","",""
"138",NA,4.6357264957265,2.6625,515.345132743363,147.380438461538,119.790737704918,"-1","",""
"139",NA,4.6357264957265,2.6625,515.345132743363,147.380438461538,119.790737704918,"-1","",""
"140",NA,4.6357264957265,2.6625,515.345132743363,147.380438461538,119.790737704918,"-1","",""
"141",NA,4.6357264957265,2.6625,515.345132743363,147.380438461538,119.790737704918,"-1","",""
"142",NA,4.6357264957265,2.6625,515.345132743363,147.380438461538,119.790737704918,"-1","",""
"143","







Cecotec Conga EcoExtreme 3000 - Aspirador Trineo Ultra Silencioso, Máxima Potencia, Mínimo Consumo, Capacidad de 3,5 l, Filtro HEPA, Ligero y Manejable






",4.5,2.6625,700,1.071,84.9,"41 "," 27 "," 31 "
"144","







Aspiradora de escoba sin cable [IZ251EU] SharkAnti Hair Wrap, Batería Doble, Morado






",4.6357264957265,2.6625,515.345132743363,71,372.12,"-1","",""
"145",NA,4.6357264957265,2.6625,515.345132743363,147.380438461538,119.790737704918,"-1","",""
"146",NA,4.6357264957265,2.6625,515.345132743363,147.380438461538,119.790737704918,"-1","",""
"147",NA,4.6357264957265,2.6625,515.345132743363,147.380438461538,119.790737704918,"-1","",""
"148",NA,4.6357264957265,2.6625,515.345132743363,147.380438461538,119.790737704918,"-1","",""
"149",NA,4.6357264957265,2.6625,515.345132743363,147.380438461538,119.790737704918,"-1","",""
"150",NA,4.6357264957265,2.6625,515.345132743363,147.380438461538,119.790737704918,"-1","",""
"151",NA,4.6357264957265,2.6625,515.345132743363,147.380438461538,119.790737704918,"-1","",""
"152",NA,4.6357264957265,2.6625,515.345132743363,147.380438461538,119.790737704918,"-1","",""
"153","







Ufesa AE4625 AE4625-Aspirador Escoba sin Cables, con Mango de Triple Posición, Cepillo Especial Mascotas, Sistema Ciclónico, Múltiples Accesorios, 25.9 W, Plástico, Negro/azul






",6,0.6,25.9,11,129,"69 "," 28.5 "," 19 "
"154","







Bastilipo - Bolero 800-MC Aspirador Trineo Multi-Ciclónico, con Motor Extra Powerfull Silence de 800 W, Color Verde Agua






",5.94,2,800,147.380438461538,79.9,"-1","",""
"155","







Severin BC 7055, Aspiradora de suelo con bolsa, incluye cabezal para parquet y set de 3 accesorios, S´POWER snowwhite XL, gris y rojo






",4.9,4,750,192,108.67,"50 "," 30 "," 24.5 "
"156","







DI4 Ultraforce 600 Aspirador ASPIROVAC ULTRAFORCE600 A+, Accesorios






",10,0.6,600,1,63.76,"-1","",""
"157",NA,4.6357264957265,2.6625,515.345132743363,147.380438461538,119.790737704918,"-1","",""
"158",NA,4.6357264957265,2.6625,515.345132743363,147.380438461538,119.790737704918,"-1","",""
"159",NA,4.6357264957265,2.6625,515.345132743363,147.380438461538,119.790737704918,"-1","",""
"160",NA,4.6357264957265,2.6625,515.345132743363,147.380438461538,119.790737704918,"-1","",""
"161",NA,4.6357264957265,2.6625,515.345132743363,147.380438461538,119.790737704918,"-1","",""
"162",NA,4.6357264957265,2.6625,515.345132743363,147.380438461538,119.790737704918,"-1","",""
"163",NA,4.6357264957265,2.6625,515.345132743363,147.380438461538,119.790737704918,"-1","",""
"164",NA,4.6357264957265,2.6625,515.345132743363,147.380438461538,119.790737704918,"-1","",""
"165","







Cecotec Conga EcoExtreme 3000 - Aspirador Trineo Ultra Silencioso, Máxima Potencia, Mínimo Consumo, Capacidad de 3,5 l, Filtro HEPA, Ligero y Manejable






",4.5,2.6625,700,1.071,84.9,"41 "," 27 "," 31 "
"166","







Aspiradora de escoba sin cable [IZ251EU] SharkAnti Hair Wrap, Batería Doble, Morado






",4.6357264957265,2.6625,515.345132743363,71,372.12,"-1","",""
"167",NA,4.6357264957265,2.6625,515.345132743363,147.380438461538,119.790737704918,"-1","",""
"168",NA,4.6357264957265,2.6625,515.345132743363,147.380438461538,119.790737704918,"-1","",""
"169",NA,4.6357264957265,2.6625,515.345132743363,147.380438461538,119.790737704918,"-1","",""
"170",NA,4.6357264957265,2.6625,515.345132743363,147.380438461538,119.790737704918,"-1","",""
"171",NA,4.6357264957265,2.6625,515.345132743363,147.380438461538,119.790737704918,"-1","",""
"172",NA,4.6357264957265,2.6625,515.345132743363,147.380438461538,119.790737704918,"-1","",""
"173",NA,4.6357264957265,2.6625,515.345132743363,147.380438461538,119.790737704918,"-1","",""
"174",NA,4.6357264957265,2.6625,515.345132743363,147.380438461538,119.790737704918,"-1","",""
"175","







Ufesa AE4625 AE4625-Aspirador Escoba sin Cables, con Mango de Triple Posición, Cepillo Especial Mascotas, Sistema Ciclónico, Múltiples Accesorios, 25.9 W, Plástico, Negro/azul






",6,0.6,25.9,11,129,"69 "," 28.5 "," 19 "
"176","







Bastilipo - Bolero 800-MC Aspirador Trineo Multi-Ciclónico, con Motor Extra Powerfull Silence de 800 W, Color Verde Agua






",5.94,2,800,147.380438461538,79.9,"-1","",""
"177","







AmazonBasics - Aspiradora vertical con motor de alta eficiencia [AB500], sin bolsa, de 3,0 litros y 700 vatios






",7.3,3,700,199,89.99,"31.2 "," 30.6 "," 113.2 "
"178","







Bastilipo - Bolero 800-MC Aspirador Trineo Multi-Ciclónico, con Motor Extra Powerfull Silence de 800 W, Color Verde Agua






",5.94,2,800,147.380438461538,79.9,"-1","",""
"179",NA,4.6357264957265,2.6625,515.345132743363,147.380438461538,119.790737704918,"-1","",""
"180",NA,4.6357264957265,2.6625,515.345132743363,147.380438461538,119.790737704918,"-1","",""
"181",NA,4.6357264957265,2.6625,515.345132743363,147.380438461538,119.790737704918,"-1","",""
"182",NA,4.6357264957265,2.6625,515.345132743363,147.380438461538,119.790737704918,"-1","",""
"183",NA,4.6357264957265,2.6625,515.345132743363,147.380438461538,119.790737704918,"-1","",""
"184",NA,4.6357264957265,2.6625,515.345132743363,147.380438461538,119.790737704918,"-1","",""
"185",NA,4.6357264957265,2.6625,515.345132743363,147.380438461538,119.790737704918,"-1","",""
"186",NA,4.6357264957265,2.6625,515.345132743363,147.380438461538,119.790737704918,"-1","",""
"187","







AmazonBasics – Potente aspirador de cilindro sin bolsa, para suelos duros y alfombras, filtro HEPA, compacto y ligero, 700 W, 1,5 l (UE)






",4.5,1.5,700,8.021,56.99,"36.3 "," 29.4 "," 24.7 "
"188","







Cecotec Conga EcoExtreme 3000 - Aspirador Trineo Ultra Silencioso, Máxima Potencia, Mínimo Consumo, Capacidad de 3,5 l, Filtro HEPA, Ligero y Manejable






",4.5,2.6625,700,1.071,84.9,"41 "," 27 "," 31 "
"189",NA,4.6357264957265,2.6625,515.345132743363,147.380438461538,119.790737704918,"-1","",""
"190",NA,4.6357264957265,2.6625,515.345132743363,147.380438461538,119.790737704918,"-1","",""
"191",NA,4.6357264957265,2.6625,515.345132743363,147.380438461538,119.790737704918,"-1","",""
"192",NA,4.6357264957265,2.6625,515.345132743363,147.380438461538,119.790737704918,"-1","",""
"193",NA,4.6357264957265,2.6625,515.345132743363,147.380438461538,119.790737704918,"-1","",""
"194",NA,4.6357264957265,2.6625,515.345132743363,147.380438461538,119.790737704918,"-1","",""
"195",NA,4.6357264957265,2.6625,515.345132743363,147.380438461538,119.790737704918,"-1","",""
"196",NA,4.6357264957265,2.6625,515.345132743363,147.380438461538,119.790737704918,"-1","",""
"197","







Aspiradora de escoba sin cable [IZ251EU] SharkAnti Hair Wrap, Batería Doble, Morado






",4.6357264957265,2.6625,515.345132743363,71,372.12,"-1","",""
"198","







Ufesa AE4625 AE4625-Aspirador Escoba sin Cables, con Mango de Triple Posición, Cepillo Especial Mascotas, Sistema Ciclónico, Múltiples Accesorios, 25.9 W, Plástico, Negro/azul






",6,0.6,25.9,11,129,"69 "," 28.5 "," 19 "
"199","







Severin BC 7055, Aspiradora de suelo con bolsa, incluye cabezal para parquet y set de 3 accesorios, S´POWER snowwhite XL, gris y rojo






",4.9,4,750,192,108.67,"50 "," 30 "," 24.5 "
"200","







DI4 Ultraforce 600 Aspirador ASPIROVAC ULTRAFORCE600 A+, Accesorios






",10,0.6,600,1,63.76,"-1","",""
"201",NA,4.6357264957265,2.6625,515.345132743363,147.380438461538,119.790737704918,"-1","",""
"202",NA,4.6357264957265,2.6625,515.345132743363,147.380438461538,119.790737704918,"-1","",""
"203",NA,4.6357264957265,2.6625,515.345132743363,147.380438461538,119.790737704918,"-1","",""
"204",NA,4.6357264957265,2.6625,515.345132743363,147.380438461538,119.790737704918,"-1","",""
"205",NA,4.6357264957265,2.6625,515.345132743363,147.380438461538,119.790737704918,"-1","",""
"206",NA,4.6357264957265,2.6625,515.345132743363,147.380438461538,119.790737704918,"-1","",""
"207",NA,4.6357264957265,2.6625,515.345132743363,147.380438461538,119.790737704918,"-1","",""
"208",NA,4.6357264957265,2.6625,515.345132743363,147.380438461538,119.790737704918,"-1","",""
"209","







Cecotec Conga EcoExtreme 3000 - Aspirador Trineo Ultra Silencioso, Máxima Potencia, Mínimo Consumo, Capacidad de 3,5 l, Filtro HEPA, Ligero y Manejable






",4.5,2.6625,700,1.071,84.9,"41 "," 27 "," 31 "
"210","







Aspiradora de escoba sin cable [IZ251EU] SharkAnti Hair Wrap, Batería Doble, Morado






",4.6357264957265,2.6625,515.345132743363,71,372.12,"-1","",""
"211",NA,4.6357264957265,2.6625,515.345132743363,147.380438461538,119.790737704918,"-1","",""
"212",NA,4.6357264957265,2.6625,515.345132743363,147.380438461538,119.790737704918,"-1","",""
"213",NA,4.6357264957265,2.6625,515.345132743363,147.380438461538,119.790737704918,"-1","",""
"214",NA,4.6357264957265,2.6625,515.345132743363,147.380438461538,119.790737704918,"-1","",""
"215",NA,4.6357264957265,2.6625,515.345132743363,147.380438461538,119.790737704918,"-1","",""
"216",NA,4.6357264957265,2.6625,515.345132743363,147.380438461538,119.790737704918,"-1","",""
"217",NA,4.6357264957265,2.6625,515.345132743363,147.380438461538,119.790737704918,"-1","",""
"218",NA,4.6357264957265,2.6625,515.345132743363,147.380438461538,119.790737704918,"-1","",""
"219","







Ufesa AE4625 AE4625-Aspirador Escoba sin Cables, con Mango de Triple Posición, Cepillo Especial Mascotas, Sistema Ciclónico, Múltiples Accesorios, 25.9 W, Plástico, Negro/azul






",6,0.6,25.9,11,129,"69 "," 28.5 "," 19 "
"220","







Bastilipo - Bolero 800-MC Aspirador Trineo Multi-Ciclónico, con Motor Extra Powerfull Silence de 800 W, Color Verde Agua






",5.94,2,800,147.380438461538,79.9,"-1","",""
